{
    "vendor": "Epson",
    "model": "TM-P20II",
    
    "media": {
        "dpi": 203,
        "width": 58
    },

    "capabilities": {
        "language": "esc-pos",
        "codepages": "epson",

        "fonts": {
            "A": {
                "size": "12x24",
                "columns": 32
            },
            "B": {
                "size": "9x24",
                "columns": 42
            },
            "C": {
                "size": "9x17",
                "columns": 42
            },
            "D": {
                "size": "10x24",
                "columns": 38
            },
            "E": {
                "size": "8x16",
                "columns": 48
            }
        },

        "barcodes": {
            "supported": true,
            "symbologies": [
                "upca", "upce", "ean13", "ean8", "code39", "itf", "codabar", "code93", 
                "code128", "gs1-databar-omni", "gs1-databar-truncated", 
                "gs1-databar-limited", "gs1-databar-expanded", "code128-auto"
            ]
        },
        "qrcode": {
            "supported": true,
            "models": ["1", "2"]
        },
        "pdf417": {
            "supported": true
        },
        
        "images": {
            "mode": "raster"
        },
        
        "cutter": {
            "feed": 3
        }
    }
}