{
    "vendor": "Epson",
    "model": "TM-T70II",
    
    "interface": {
        "usb": {
            "productName": "TM-T70II"
        }
    },

    "media": {
        "dpi": 180,
        "width": 80
    },

    "capabilities": {
        "language": "esc-pos",
        "codepages": "epson",

        "fonts": {
            "A": {
                "size": "12x24",
                "columns": 42
            },
            "B": {
                "size": "9x17",
                "columns": 56
            }
        },

        "barcodes": {
            "supported": true,
            "symbologies": [
                "upca", "upce", "ean13", "ean8", "code39", "itf", "codabar", "code93", 
                "code128", "gs1-databar-omni", "gs1-databar-truncated", 
                "gs1-databar-limited", "gs1-databar-expanded"
            ]
        },
        "qrcode": {
            "supported": true,
            "models": ["1", "2"]
        },
        "pdf417": {
            "supported": true
        },
        
        "images": {
            "mode": "raster"
        },
        
        "cutter": {
            "feed": 4
        }
    }
}