{
    "vendor": "HP",
    "model": "A779",

    "media": {
        "dpi": 180,
        "width": 80
    },

    "capabilities": {
        "language": "esc-pos",
        "codepages": "hp",
        "newline": "\n",
        
        "fonts": {
            "A": {
                "size": "12x24",
                "columns": 44
            }
        },

        "barcodes": {
            "supported": true,
            "symbologies": [
                "upca", "upce", "ean13", "ean8", "code39", "itf", "codabar", "code93", 
                "code128"
            ]
        },
        "qrcode": {
            "supported": true,
            "models": ["1", "2"]
        },
        "pdf417": {
            "supported": false,
            "fallback": {
                "type": "barcode",
                "symbology": 75
            }
        },
        
        "cutter": {
            "feed": 4
        }
    }
}