{
    "vendor": "Metapace",
    "model": "T-1",

    "media": {
        "dpi": 180,
        "width": 80
    },

    "capabilities": {
        "language": "esc-pos",
        "codepages": "metapace",

        "fonts": {
            "A": {
                "size": "12x24",
                "columns": 42
            },
            "B": {
                "size": "9x17",
                "columns": 56
            }
        },

        "barcodes": {
            "supported": true,
            "symbologies": [
                "upca", "upce", "ean13", "ean8", "code39", "itf", "codabar", "code93", 
                "code128"
            ]
        },
        "qrcode": {
            "supported": false,
            "models": []
        },
        "pdf417": {
            "supported": false
        },
        
        "cutter": {
            "feed": 4
        }
    }
}