{
    "vendor": "Star",
    "model": "SM-L200",
    
    "media": {
        "dpi": 203,
        "width": 58
    },

    "capabilities": {
        "language": "star-prnt",
        "codepages": "star",

        "fonts": {
            "A": {
                "size": "12x24",
                "columns": 32
            },
            "B": {
                "size": "9x24",
                "columns": 42
            },
            "C": {
                "size": "9x17",
                "columns": 42
            }
        },
        
        "barcodes": {
            "supported": true,
            "symbologies": [
                "upca", "upce", "ean13", "ean8", "itf", "codabar", "code93", 
                "code128"
            ]
        },
        "qrcode": {
            "supported": true,
            "models": ["2"]
        },
        "pdf417": {
            "supported": true
        }
    }
}