{
    "vendor": "Star",
    "model": "TSP100IV",
    
    "media": {
        "dpi": 203,
        "width": 80
    },

    "capabilities": {
        "language": "star-prnt",
        "codepages": "star",

        "fonts": {
            "A": {
                "size": "12x24",
                "columns": 48
            },
            "B": {
                "size": "9x24",
                "columns": 64
            }
        },

        "barcodes": {
            "supported": true,
            "symbologies": [
                "upca", "upce", "ean13", "ean8", "code39", "itf", "codabar", "code93", 
                "code128", "gs1-128", "gs1-databar-omni", "gs1-databar-truncated", 
                "gs1-databar-limited", "gs1-databar-expanded"
            ]
        },
        "qrcode": {
            "supported": true,
            "models": ["1", "2"]
        },
        "pdf417": {
            "supported": true
        },
        
        "cutter": {
            "feed": 3
        }
    }
}