{
    "vendor": "Xprinter",
    "model": "XP-N160II",
    
    "interfaces": {
        "usb": {
            "productName": "Printer-80\u0000"
        }
    },

    "media": {
        "dpi": 203,
        "width": 80
    },

    "capabilities": {
        "language": "esc-pos",
        "codepages": "xprinter",

        "fonts": {
            "A": {
                "size": "12x24",
                "columns": 48
            },
            "B": {
                "size": "9x17",
                "columns": 64
            }
        },

        "barcodes": {
            "supported": true,
            "symbologies": [
                "upca", "upce", "ean13", "ean8", "code39", "itf", "codabar", "code93", 
                "code128", "gs1-128"
            ]
        },
        "qrcode": {
            "supported": true,
            "models": ["2"]
        },
        "pdf417": {
            "supported": true
        },
        
        "cutter": {
            "feed": 4
        }
    }
}